-- MySQL dump 10.13  Distrib 5.7.24, for osx11.1 (x86_64)
--
-- Host: localhost    Database: comercial_cabello
-- ------------------------------------------------------
-- Server version	9.2.0

/*!40101 SET @OLD_CHARACTER_SET_CLIENT=@@CHARACTER_SET_CLIENT */;
/*!40101 SET @OLD_CHARACTER_SET_RESULTS=@@CHARACTER_SET_RESULTS */;
/*!40101 SET @OLD_COLLATION_CONNECTION=@@COLLATION_CONNECTION */;
/*!40101 SET NAMES utf8 */;
/*!40103 SET @OLD_TIME_ZONE=@@TIME_ZONE */;
/*!40103 SET TIME_ZONE='+00:00' */;
/*!40014 SET @OLD_UNIQUE_CHECKS=@@UNIQUE_CHECKS, UNIQUE_CHECKS=0 */;
/*!40014 SET @OLD_FOREIGN_KEY_CHECKS=@@FOREIGN_KEY_CHECKS, FOREIGN_KEY_CHECKS=0 */;
/*!40101 SET @OLD_SQL_MODE=@@SQL_MODE, SQL_MODE='NO_AUTO_VALUE_ON_ZERO' */;
/*!40111 SET @OLD_SQL_NOTES=@@SQL_NOTES, SQL_NOTES=0 */;

--
-- Table structure for table `contrasenas`
--

--
-- Table structure for table `productos`
--

DROP TABLE IF EXISTS `productos`;
/*!40101 SET @saved_cs_client     = @@character_set_client */;
/*!40101 SET character_set_client = utf8 */;
CREATE TABLE `productos` (
  `codigo` varchar(13) NOT NULL,
  `nombre` varchar(35) NOT NULL,
  `precio` decimal(10,2) DEFAULT NULL,
  `cantidad` decimal(10,0) NOT NULL,
  `cantidad_minima` decimal(10,0) NOT NULL,
  PRIMARY KEY (`codigo`)
) ENGINE=InnoDB DEFAULT CHARSET=utf8mb4 COLLATE=utf8mb4_0900_ai_ci;
/*!40101 SET character_set_client = @saved_cs_client */;

--
-- Dumping data for table `productos`
--

LOCK TABLES `productos` WRITE;
/*!40000 ALTER TABLE `productos` DISABLE KEYS */;
INSERT INTO `productos` VALUES ('1239329392932','Prueba',10.00,8,10),('2394309439049','Jumex Zanahoria',25.00,3,25),('2839843490393','Conchitas Granielotes',27.00,23,10),('2932988923782','Jumex Toronja',28.00,10,28),('2983829378237','Jumex Uva',27.00,7,10),('3092901038928','Pepsi',12.00,26,15);
/*!40000 ALTER TABLE `productos` ENABLE KEYS */;
UNLOCK TABLES;

--
-- Table structure for table `Trabajadores`
--

DROP TABLE IF EXISTS `Trabajadores`;
/*!40101 SET @saved_cs_client     = @@character_set_client */;
/*!40101 SET character_set_client = utf8 */;
CREATE TABLE `Trabajadores` (
  `id` int NOT NULL AUTO_INCREMENT,
  `usuario` varchar(20) NOT NULL,
  `contrasena` varchar(128) NOT NULL,
  `texto_plano` varchar(25) DEFAULT NULL,
  `rol` varchar(15) NOT NULL,
  `Nombre` varchar(30) NOT NULL,
  `apellido_paterno` varchar(20) NOT NULL,
  `apellido_materno` varchar(20) NOT NULL,
  PRIMARY KEY (`id`),
  UNIQUE KEY `usuario` (`usuario`)
) ENGINE=InnoDB AUTO_INCREMENT=20 DEFAULT CHARSET=utf8mb4 COLLATE=utf8mb4_0900_ai_ci;
/*!40101 SET character_set_client = @saved_cs_client */;

--
-- Dumping data for table `Trabajadores`
--

LOCK TABLES `Trabajadores` WRITE;
/*!40000 ALTER TABLE `Trabajadores` DISABLE KEYS */;
INSERT INTO `Trabajadores` VALUES (1,'andrade','$2b$10$n2TX9TtudzDP8lniHpFhXeoa/.nesXPtLwrjr5Zt30AAYNlyUo7KW','1','Operario','Andrade','Chehue','Hernández'),(2,'arboilito','$2b$10$nBAFdUOMEK5litSyVEg/UOvcBFdCcxTxp9ctbNQ5eRazTeNDrdwGi','1234','Operario','Arbol','Perez','Hernandez'),(3,'chosina','$2b$10$JHWyY0UiBIN23YE7Vn8wkOqheV.iSCpvvX38HvYwSsZ7AFnyQun/S','123','Operario','Joyce','Abrego','Avila'),(4,'crepusculobra','$2b$10$vH/3cNMiAl5fpK8zjFfvPO6V1naNqO33TQ4.yJz5m.q7ZfSq5MgKC','123','Operario','Brandon','Castillo','Martinez'),(5,'danone','$2b$10$cpRu/Lx561rVy6EQft2i7OW8bnPZLIG2xPYyPc6piFPBxK9gh07Py','1234','Administrador','Dana','Babun','Muñoz'),(6,'jcamaney','$2b$10$e3ltDmY4jX0UWGU.rr/HF.NCkZwqcVr1QjOAIpzpNC93iJ4/8ZzUS','','Administrador','Juan','Camaney','Ramírez'),(7,'koreanite','$2b$10$lyEQpSRipZBmN3OBNEPWa.e9h8ToyLRF4gSXq3qVWYyZ7a5JMiBBy','miamors','Operario','Seolgo','Oh','Chu'),(8,'miniona','$2b$10$PX9g.GBUo6RoOb/EwuLnOO6kvtPt8yMhsO.AgR66V8xNe1EjgMOPC','1234','Administrador','Alma Rosaura','Morales','Ramírez'),(9,'nemo12','$2b$10$sFcQ4YGOaIGWio9XRYWD4eqdZ/h4b9CkIpawcsHzp0xun6EXWyOoa','renata','Operario','Jose Luis','Llanas','Zapata'),(10,'ponchalo','$2b$10$bE.ceZevG5jcHv09fXXPxOSGkT6lN7Cq1f7yY0QXnil6pwSDIEmHm','123','Operario','Gonzalo','Molgado','Martinez'),(11,'rnata','$2b$10$EG5FCjIwX6eqgMlsQ.Tzie47IaPTyIqA8coX4cOqp2yxO0H6qfmxe','llanas','Operario','Renata','Noriegas','Farias');
/*!40000 ALTER TABLE `Trabajadores` ENABLE KEYS */;
UNLOCK TABLES;

--
-- Table structure for table `ventas`
--

DROP TABLE IF EXISTS `ventas`;
/*!40101 SET @saved_cs_client     = @@character_set_client */;
/*!40101 SET character_set_client = utf8 */;
CREATE TABLE `ventas` (
  `id` int NOT NULL AUTO_INCREMENT,
  `num_venta` decimal(10,0) DEFAULT NULL,
  `producto` varchar(13) DEFAULT NULL,
  `cantidad` decimal(10,0) DEFAULT NULL,
  `total` decimal(10,0) DEFAULT NULL,
  `fecha` date DEFAULT NULL,
  `trabajador_id` int DEFAULT NULL,
  PRIMARY KEY (`id`),
  KEY `producto` (`producto`),
  KEY `trabajador_id` (`trabajador_id`),
  CONSTRAINT `ventas_ibfk_1` FOREIGN KEY (`producto`) REFERENCES `productos` (`codigo`),
  CONSTRAINT `ventas_ibfk_2` FOREIGN KEY (`trabajador_id`) REFERENCES `Trabajadores` (`id`)
) ENGINE=InnoDB AUTO_INCREMENT=168 DEFAULT CHARSET=utf8mb4 COLLATE=utf8mb4_0900_ai_ci;
/*!40101 SET character_set_client = @saved_cs_client */;

--
-- Dumping data for table `ventas`
--

LOCK TABLES `ventas` WRITE;
/*!40000 ALTER TABLE `ventas` DISABLE KEYS */;
INSERT INTO `ventas` VALUES (24,1,'2839843490393',1,27,'2025-05-28',5),(25,1,'2932988923782',1,28,'2025-05-28',5),(26,1,'2932988923782',1,28,'2025-05-28',5),(27,1,'2394309439049',1,25,'2025-05-28',5),(28,2,'2394309439049',1,25,'2025-05-28',5),(29,3,'2394309439049',1,25,'2025-05-28',5),(30,4,'2932988923782',1,28,'2025-05-28',5),(31,5,'2932988923782',1,28,'2025-05-28',5),(32,6,'2932988923782',1,28,'2025-05-28',5),(33,7,'2932988923782',1,28,'2025-05-28',5),(34,8,'2932988923782',1,28,'2025-05-28',5),(35,9,'2932988923782',1,28,'2025-05-28',5),(36,10,'2932988923782',1,28,'2025-05-28',5),(37,11,'2932988923782',1,28,'2025-05-28',5),(38,12,'2932988923782',1,28,'2025-05-28',5),(39,13,'2932988923782',1,28,'2025-05-28',5),(40,14,'2932988923782',1,28,'2025-05-28',5),(41,15,'2839843490393',1,27,'2025-05-28',5),(42,16,'2839843490393',1,27,'2025-05-28',5),(43,17,'2839843490393',1,27,'2025-05-28',5),(44,18,'2839843490393',1,27,'2025-05-28',5),(45,19,'2839843490393',1,27,'2025-05-28',5),(46,20,'2839843490393',1,27,'2025-05-28',5),(47,21,'2839843490393',1,27,'2025-05-28',5),(48,22,'2839843490393',1,27,'2025-05-28',5),(49,23,'2839843490393',1,27,'2025-05-28',5),(50,24,'2839843490393',1,27,'2025-05-28',5),(51,25,'2839843490393',1,27,'2025-05-28',5),(52,26,'2839843490393',1,27,'2025-05-28',5),(53,27,'2839843490393',1,27,'2025-05-28',5),(54,28,'2839843490393',1,27,'2025-05-28',5),(55,29,'2839843490393',1,27,'2025-05-28',5),(56,30,'2839843490393',1,27,'2025-05-28',5),(57,31,'2839843490393',1,27,'2025-05-28',5),(58,32,'2839843490393',1,27,'2025-05-28',5),(59,33,'2839843490393',1,27,'2025-05-28',5),(60,34,'2839843490393',1,27,'2025-05-28',5),(61,35,'2839843490393',1,27,'2025-05-28',5),(62,36,'2839843490393',1,27,'2025-05-28',5),(63,37,'2839843490393',1,27,'2025-05-28',5),(64,38,'2839843490393',1,27,'2025-05-28',5),(65,39,'2932988923782',1,28,'2025-05-28',5),(66,40,'2839843490393',1,27,'2025-05-28',5),(67,41,'2839843490393',1,27,'2025-05-28',5),(68,42,'2839843490393',1,27,'2025-05-28',5),(69,43,'2839843490393',1,27,'2025-05-28',5),(70,44,'2839843490393',1,27,'2025-05-28',5),(71,45,'2839843490393',1,27,'2025-05-28',5),(72,46,'2839843490393',1,27,'2025-05-28',5),(73,47,'2839843490393',1,27,'2025-05-28',5),(74,48,'2839843490393',1,27,'2025-05-28',5),(75,49,'2839843490393',1,27,'2025-05-28',5),(76,50,'2839843490393',1,27,'2025-05-28',5),(77,51,'2839843490393',1,27,'2025-05-28',5),(78,52,'2839843490393',1,27,'2025-05-28',5),(79,53,'2839843490393',1,27,'2025-05-28',5),(80,54,'2839843490393',1,27,'2025-05-28',5),(81,55,'2839843490393',1,27,'2025-05-28',5),(82,56,'2839843490393',1,27,'2025-05-28',5),(83,57,'2839843490393',1,27,'2025-05-28',5),(84,58,'2839843490393',1,27,'2025-05-28',5),(85,59,'2932988923782',1,28,'2025-05-28',5),(86,60,'2839843490393',1,27,'2025-05-28',5),(87,61,'2839843490393',1,27,'2025-05-28',5),(88,62,'2839843490393',1,27,'2025-05-28',5),(89,63,'2839843490393',1,27,'2025-05-29',5),(90,64,'2839843490393',1,27,'2025-05-29',5),(91,65,'2839843490393',1,27,'2025-05-29',5),(92,66,'2839843490393',1,27,'2025-05-29',5),(93,67,'2839843490393',1,27,'2025-05-29',5),(94,68,'2839843490393',1,27,'2025-05-29',5),(95,69,'2394309439049',7,175,'2025-05-29',5),(96,70,'2394309439049',1,25,'2025-05-29',5),(97,71,'2394309439049',1,25,'2025-05-29',5),(98,72,'2394309439049',1,25,'2025-05-29',5),(99,73,'2394309439049',1,25,'2025-05-29',5),(100,74,'2394309439049',1,25,'2025-05-29',5),(101,75,'2932988923782',1,28,'2025-05-29',5),(102,76,'2932988923782',1,28,'2025-05-29',5),(103,77,'2394309439049',1,25,'2025-05-29',5),(104,78,'2394309439049',1,25,'2025-05-29',5),(105,79,'2932988923782',1,53,'2025-05-29',5),(106,79,'2394309439049',1,53,'2025-05-29',5),(107,80,'2394309439049',1,25,'2025-05-29',5),(108,81,'2394309439049',1,25,'2025-05-29',5),(109,82,'2394309439049',1,25,'2025-05-29',5),(110,83,'2394309439049',1,25,'2025-05-29',5),(111,84,'2932988923782',1,28,'2025-05-29',5),(112,85,'2394309439049',3,185,'2025-05-29',5),(113,85,'2932988923782',2,185,'2025-05-29',5),(114,85,'2983829378237',2,185,'2025-05-29',5),(115,86,'2983829378237',1,27,'2025-05-29',5),(116,87,'2983829378237',1,27,'2025-05-29',5),(117,88,'2983829378237',1,27,'2025-05-29',5),(118,89,'2983829378237',1,27,'2025-05-29',5),(119,90,'2983829378237',1,27,'2025-05-29',5),(120,91,'2983829378237',1,27,'2025-05-29',5),(121,92,'2983829378237',1,27,'2025-05-29',5),(122,93,'2983829378237',1,27,'2025-05-29',5),(123,94,'2983829378237',1,27,'2025-05-29',5),(124,95,'2983829378237',1,27,'2025-05-29',5),(125,96,'2983829378237',1,27,'2025-05-29',5),(126,97,'3092901038928',1,12,'2025-05-29',5),(127,98,'2983829378237',1,27,'2025-05-29',5),(128,99,'2983829378237',1,27,'2025-05-29',5),(129,100,'2983829378237',1,27,'2025-05-29',5),(130,101,'2983829378237',1,27,'2025-05-29',5),(131,102,'2983829378237',1,27,'2025-05-29',5),(132,103,'2394309439049',1,92,'2025-05-29',5),(133,103,'2983829378237',1,92,'2025-05-29',5),(134,103,'3092901038928',1,92,'2025-05-29',5),(135,103,'2932988923782',1,92,'2025-05-29',5),(136,104,'2932988923782',2,147,'2025-05-29',5),(137,104,'2839843490393',1,147,'2025-05-29',5),(138,104,'2394309439049',1,147,'2025-05-29',5),(139,104,'2983829378237',1,147,'2025-05-29',5),(140,104,'3092901038928',1,147,'2025-05-29',5),(141,105,'2394309439049',1,550,'2025-05-29',5),(142,105,'3092901038928',1,550,'2025-05-29',5),(143,105,'2839843490393',19,550,'2025-05-29',5),(144,106,'2839843490393',10,270,'2025-05-29',5),(145,107,'2839843490393',1,27,'2025-05-29',8),(146,108,'2839843490393',1,27,'2025-05-29',8),(147,109,'2839843490393',1,27,'2025-05-29',8),(148,110,'2839843490393',1,27,'2025-05-29',8),(149,111,'2932988923782',3,84,'2025-05-29',5),(150,112,'2839843490393',1,27,'2025-05-29',5),(151,113,'2932988923782',1,28,'2025-05-29',8),(152,114,'2932988923782',1,28,'2025-05-29',8),(153,115,'2394309439049',1,25,'2025-05-29',8),(154,116,'2932988923782',1,28,'2025-05-29',8),(155,117,'2839843490393',1,27,'2025-05-29',8),(156,118,'2839843490393',2,54,'2025-05-29',8),(157,119,'2394309439049',1,52,'2025-05-29',8),(158,119,'2983829378237',1,52,'2025-05-29',8),(159,120,'2394309439049',1,52,'2025-05-29',8),(160,120,'2983829378237',1,52,'2025-05-29',8),(161,121,'2394309439049',1,25,'2025-05-29',8),(162,122,'1239329392932',1,10,'2025-05-29',8),(163,123,'2932988923782',1,28,'2025-05-29',8),(164,124,'2932988923782',1,28,'2025-05-29',8),(165,125,'2932988923782',1,28,'2025-05-29',8),(166,126,'2394309439049',4,110,'2025-05-29',8),(167,126,'1239329392932',1,110,'2025-05-29',8);
/*!40000 ALTER TABLE `ventas` ENABLE KEYS */;
UNLOCK TABLES;
/*!40103 SET TIME_ZONE=@OLD_TIME_ZONE */;

/*!40101 SET SQL_MODE=@OLD_SQL_MODE */;
/*!40014 SET FOREIGN_KEY_CHECKS=@OLD_FOREIGN_KEY_CHECKS */;
/*!40014 SET UNIQUE_CHECKS=@OLD_UNIQUE_CHECKS */;
/*!40101 SET CHARACTER_SET_CLIENT=@OLD_CHARACTER_SET_CLIENT */;
/*!40101 SET CHARACTER_SET_RESULTS=@OLD_CHARACTER_SET_RESULTS */;
/*!40101 SET COLLATION_CONNECTION=@OLD_COLLATION_CONNECTION */;
/*!40111 SET SQL_NOTES=@OLD_SQL_NOTES */;

-- Dump completed on 2025-08-26 14:26:37
